Model,Accuracy,F1-Score,CV Mean,CV Std,Training Time (s)
XGBoost,1.0,1.0,1.0,0.0,1.8516600131988525
LightGBM,1.0,1.0,1.0,0.0,2.141371011734009
CatBoost,1.0,1.0,1.0,0.0,6.400636911392212
XGBoost_Optimized,1.0,1.0,1.0,0.0,1.7401719093322754
Voting,1.0,1.0,1.0,0.0,14.820412158966064
Stacking,1.0,1.0,1.0,0.0,28.47313094139099
